Age,Model,Key_M,Key_L,Key_U,LE_M,LE_L,LE_U,QALE1_M,QALE1_L,QALE1_U,QALE0_M,QALE0_L,QALE0_U,QL00_M,QL00_L,QL00_U,QL15_M,QL15_L,QL15_U,QL35_M,QL35_L,QL35_U,QLH00_M,QLH00_L,QLH00_U,QLH15_M,QLH15_L,QLH15_U,QLH35_M,QLH35_L,QLH35_U
50,M1,250.5,13.475000000000001,487.525,33.6071225718594,33.6071225718594,33.6071225718594,25.982490608571645,25.979584867711214,25.985473959659814,26.01423950643465,26.01423950643465,26.01423950643465,0.03174889786300623,0.028765546774838363,0.034654638723434654,0.03174734726311512,0.028764280377386285,0.03465267301845214,0.031745349943719074,0.028762649118350733,0.03465014105615988,0.06461593147364322,0.061065606353410885,0.06897713709386077,0.06461276362824184,0.06106308496227271,0.06897273121693927,0.06460868314649379,0.06105983711324919,0.06896705624213803
50,M2,250.5,13.475000000000001,487.525,33.6071225718594,33.6071225718594,33.6071225718594,25.983248698418446,25.979618497852094,25.986477788028196,26.01423950643465,26.01423950643465,26.01423950643465,0.03099080801620289,0.027761718406452696,0.034621008582551543,0.03099060335422712,0.027761688642534,0.034620513783719845,0.03099033969950793,0.02776165029932151,0.034619876362014676,0.06386357163277487,0.059925408057601576,0.0682227751207585,0.06386172280495606,0.05992401648488244,0.06822039508371358,0.06385934121678108,0.059922223891876354,0.06821732925604868
50,M3,250.5,13.475000000000001,487.525,33.6071225718594,33.6071225718594,33.6071225718594,26.00609274749221,26.002425786627274,26.008995104873524,26.01423950643465,26.01423950643465,26.01423950643465,0.008146758942441101,0.005244401561124452,0.011813719807373939,0.008146758942441101,0.005244401561124452,0.011813719807373939,0.008146758942441101,0.005244401561124452,0.011813719807373939,0.05040203766905271,0.04265702810358265,0.05918877881300741,0.050399926831842856,0.042655769477592316,0.059185510381969085,0.05039720756517184,0.042654148061695735,0.059181299851098476
51,M1,250.5,13.475000000000001,487.525,32.69282845629901,32.69282845629901,32.69282845629901,25.22675531193054,25.224025765096382,25.229539291728887,25.25802340670578,25.25802340670578,25.25802340670578,0.03126809477524319,0.028484114976893314,0.0339976416094003,0.03126647399758267,0.028482889471345536,0.033995794618925324,0.03126438630274428,0.028481310881946997,0.033993415555750944,0.06427292383051342,0.06103458614053361,0.06837612177311056,0.06426985767885472,0.0610318538738686,0.06837195017371153,0.06426590818155745,0.06102833442186229,0.06836657692261093
51,M2,250.5,13.475000000000001,487.525,32.69282845629901,32.69282845629901,32.69282845629901,25.227387633260683,25.22396779536019,25.230514471244764,25.25802340670578,25.25802340670578,25.25802340670578,0.030635773445100697,0.027508935461018603,0.03405561134559773,0.03063548177728695,0.02750877987379765,0.03405499629984317,0.030635106037752324,0.02750857943937452,0.03405420397059751,0.06361305666824768,0.05975574617411882,0.06782789205060807,0.06361138522869966,0.05975412608988183,0.06782530891681637,0.06360923213253383,0.059752039159677285,0.06782198150316937
51,M3,250.5,13.475000000000001,487.525,32.69282845629901,32.69282845629901,32.69282845629901,25.25008779336468,25.2467371472414,25.252729794140635,25.25802340670578,25.25802340670578,25.25802340670578,0.007935613341100323,0.005293612565145972,0.011286259464382664,0.007935613341100323,0.005293612565145972,0.011286259464382664,0.007935613341100323,0.005293612565145972,0.011286259464382664,0.05079386984014534,0.04333062226946932,0.05951725043963356,0.0507926225132455,0.0433292172017514,0.05951066321227218,0.050791707481678945,0.04332740713363205,0.05950217737280027
52,M1,250.5,13.475000000000001,487.525,31.782663744506042,31.782663744506042,31.782663744506042,24.476417980196707,24.473832198280583,24.479046845897027,24.507316253308055,24.507316253308055,24.507316253308055,0.030898273111346575,0.028269407411028263,0.03348405502747585,0.030897020056456576,0.028268216458163,0.033482580309192544,0.03089540597042291,0.02826668237461704,0.03348068071026664,0.06398504268153922,0.06096091085140034,0.06781616556870129,0.06398240201042225,0.06095864947777861,0.06781225624212925,0.06397898603417163,0.06095573653169167,0.067807220769241
52,M2,250.5,13.475000000000001,487.525,31.782663744506042,31.782663744506042,31.782663744506042,24.476997558230366,24.473739362580467,24.479946376988124,24.507316253308055,24.507316253308055,24.507316253308055,0.03031869507769041,0.027369876319931437,0.03357689072759171,0.03031864301748309,0.02736983801766981,0.03357655856315064,0.030318575951193465,0.027369788674981715,0.033576130654047805,0.06338536582576776,0.05970156288348134,0.06756473809458244,0.06338393412739024,0.059700431583269695,0.06756257425928834,0.06338208984297153,0.05969897425248568,0.06755978691054011
52,M3,250.5,13.475000000000001,487.525,31.782663744506042,31.782663744506042,31.782663744506042,24.499537122905632,24.496316154151522,24.502042567240043,24.507316253308055,24.507316253308055,24.507316253308055,0.00777913040242334,0.005273686068015052,0.011000099156533352,0.00777913040242334,0.005273686068015052,0.011000099156533352,0.00777913040242334,0.005273686068015052,0.011000099156533352,0.05125003716390604,0.044063086458903264,0.059541235840754436,0.051249207691763124,0.044062472312397946,0.05953533115261603,0.05124813912889053,0.04406168114149245,0.05952772458100681
53,M1,250.5,13.475000000000001,487.525,30.87682416363425,30.87682416363425,30.87682416363425,23.731505944144274,23.7290461108659,23.73400152217205,23.762068084976452,23.762068084976452,23.762068084976452,0.030562140832177596,0.028066562804397954,0.03302197411055029,0.030560985347141925,0.02806542766631292,0.033020397551020625,0.03055949693326928,0.028063965472106083,0.03301836679544022,0.06373527896776282,0.0608169038056275,0.06726969178527095,0.06373264934769632,0.06081448937173668,0.06726613716814639,0.06372926208583088,0.06081137928411877,0.06726155853033797
53,M2,250.5,13.475000000000001,487.525,30.87682416363425,30.87682416363425,30.87682416363425,23.731980092316846,23.72879146241798,23.73491885713546,23.762068084976452,23.762068084976452,23.762068084976452,0.030087992659606336,0.02714922784099285,0.03327662255847084,0.03008770971375225,0.02714910488449923,0.033276083158800526,0.030087345210236517,0.027148946486439823,0.03327538828075221,0.06325270615673106,0.05975744953655849,0.06731307640447187,0.06325158794570197,0.059756446435469554,0.06731110179441585,0.06325014747154831,0.05975515424372032,0.06730855818214043
53,M3,250.5,13.475000000000001,487.525,30.87682416363425,30.87682416363425,30.87682416363425,23.754453445160763,23.751312766937012,23.75675866093307,23.762068084976452,23.762068084976452,23.762068084976452,0.007614639815689772,0.005309424043382427,0.01075531803944298,0.007614639815689772,0.005309424043382427,0.01075531803944298,0.007614639815689772,0.005309424043382427,0.01075531803944298,0.051611506259740286,0.04481282145873727,0.059844230048918076,0.05160816380268658,0.044812119462168204,0.0598367404612232,0.051603857948362544,0.04481121511892709,0.05982709224031366
54,M1,250.5,13.475000000000001,487.525,29.975686976852607,29.975686976852607,29.975686976852607,22.99207547174572,22.989734606157946,22.99445358056809,23.022403588283748,23.022403588283748,23.022403588283748,0.030328116538028846,0.02795000771566058,0.032668982125803,0.030326702679946062,0.027948855535013518,0.03266767822687457,0.03032489169560708,0.027947371390377434,0.03266599864477842,0.0635417811628333,0.0607297601461068,0.06688390216818488,0.06353911800731085,0.06072775808776988,0.06688070380841249,0.06353568755267225,0.060725179147621614,0.0668765840075432
54,M2,250.5,13.475000000000001,487.525,29.975686976852607,29.975686976852607,29.975686976852607,22.992457104153566,22.989300184418408,22.995265702483177,23.022403588283748,23.022403588283748,23.022403588283748,0.02994648413018179,0.02713788580057145,0.03310340386534387,0.029946279625616024,0.027137871457708566,0.03310299557093057,0.029946016173679438,0.027137852980590516,0.033102469587789445,0.06317233249714896,0.05967568833936239,0.0669928401581006,0.06317104046794095,0.059674420052972466,0.06699111783671602,0.06316937609432852,0.059672786268684705,0.06698878850841372
54,M3,250.5,13.475000000000001,487.525,29.975686976852607,29.975686976852607,29.975686976852607,23.014909552233046,23.011904276947813,23.017184314605572,23.022403588283748,23.022403588283748,23.022403588283748,0.007494036050702535,0.005219273678175113,0.010499311335937803,0.007494036050702535,0.005219273678175113,0.010499311335937803,0.007494036050702535,0.005219273678175113,0.010499311335937803,0.051971060557878125,0.04575196050952475,0.059991423150863823,0.051969371045920254,0.04575018482261922,0.059983786667212685,0.051967194543463505,0.045747897308660364,0.059973949272837904
55,M1,250.5,13.475000000000001,487.525,29.07969486750045,29.07969486750045,29.07969486750045,22.25840505002708,22.256172228370318,22.260695247923017,22.288531858624534,22.288531858624534,22.288531858624534,0.03012680859745394,0.027836610701513265,0.03235963025421476,0.030125712954751537,0.027835689080976722,0.03235839080340668,0.030124301620222886,0.027834501901188552,0.03235679423217927,0.0633785298754233,0.060584454416751934,0.06656140968276505,0.06337631080647779,0.06058254869069028,0.06655846456875825,0.06337345233916142,0.06058009383113094,0.0665546709400093
55,M2,250.5,13.475000000000001,487.525,29.07969486750045,29.07969486750045,29.07969486750045,22.25866265993374,22.255603125756522,22.26153151190879,22.288531858624534,22.288531858624534,22.288531858624534,0.02986919869079152,0.027000346715743664,0.0329287328680074,0.029869148731309872,0.027000155765849524,0.032928520434162126,0.0298690843712691,0.02699990977564773,0.03292824676737273,0.0630483636793504,0.059666166505517454,0.06662488066602304,0.06304685498891917,0.0596650452996306,0.06662309182857483,0.0630449115318037,0.059663600973355914,0.06662078750879279
55,M3,250.5,13.475000000000001,487.525,29.07969486750045,29.07969486750045,29.07969486750045,22.28114756574847,22.278158991227805,22.28336655946601,22.288531858624534,22.288531858624534,22.288531858624534,0.0073842928760635695,0.005165299158521352,0.010372867396725865,0.0073842928760635695,0.005165299158521352,0.010372867396725865,0.0073842928760635695,0.005165299158521352,0.010372867396725865,0.052362966508318655,0.04629876639492389,0.06037417328849825,0.052361431808017174,0.04629677246834095,0.060369817380018564,0.05235945473988868,0.04629420381402326,0.06036420592696749
56,M1,250.5,13.475000000000001,487.525,28.189136370545455,28.189136370545455,28.189136370545455,21.530586029700018,21.528448381343786,21.532811218683577,21.56057790949115,21.56057790949115,21.56057790949115,0.02999187979112966,0.027766690807571485,0.032129528147365104,0.02999089138542431,0.02776581514828226,0.032128311681220975,0.02998961817584845,0.027764687168665998,0.032126744716137565,0.063284901696301,0.06053221539537975,0.06630523680439707,0.06328285726009794,0.06053047659272634,0.0663024773182607,0.06328022372656035,0.060528236741405186,0.06629892277564704
56,M2,250.5,13.475000000000001,487.525,28.189136370545455,28.189136370545455,28.189136370545455,21.53076331764761,21.527920083688496,21.53360684493324,21.56057790949115,21.56057790949115,21.56057790949115,0.029814591843540572,0.026971064557910634,0.032657825802653494,0.029814506426239017,0.02697084136701382,0.03265765807144743,0.02981439638784732,0.026970550263051687,0.03265744199259904,0.06301510827919962,0.05968987128708457,0.06641215492569333,0.06301383359161922,0.05968888395039595,0.06641052492929321,0.06301219155538104,0.05968761206560762,0.06640842521124489
56,M3,250.5,13.475000000000001,487.525,28.189136370545455,28.189136370545455,28.189136370545455,21.55325955091397,21.55032777758769,21.555441152085567,21.56057790949115,21.56057790949115,21.56057790949115,0.007318358577177775,0.0051367574055833694,0.010250131903462543,0.007318358577177775,0.0051367574055833694,0.010250131903462543,0.007318358577177775,0.0051367574055833694,0.010250131903462543,0.052804457686046,0.04693817436969292,0.060608216795018516,0.05280091278382884,0.04693604347748388,0.06060221749224346,0.052797577039301005,0.046933298372773886,0.060594493242793236
57,M1,250.5,13.475000000000001,487.525,27.304451259549914,27.304451259549914,27.304451259549914,20.808924129989194,20.806925674738892,20.811061935348373,20.838816618458576,20.838816618458576,20.838816618458576,0.029892488469380793,0.02775468311019972,0.03189094371968608,0.029891557659408395,0.027753819732817965,0.03188982527268001,0.02989035863619524,0.02775270757307275,0.03188838455841781,0.06320008374246291,0.06056567343084845,0.06598471597183327,0.06319807320066848,0.06056405217655626,0.06598218280096804,0.06319548332511696,0.06056196373543422,0.06597891975337251
57,M2,250.5,13.475000000000001,487.525,27.304451259549914,27.304451259549914,27.304451259549914,20.80902771978333,20.806253259235266,20.811759484498868,20.838816618458576,20.838816618458576,20.838816618458576,0.029788898675245166,0.027057133959707255,0.03256335922330886,0.029788776249947545,0.027056895565734047,0.032563025716960035,0.0297886185361986,0.02705658845786805,0.03256280438272197,0.06305030284610216,0.05977418995682706,0.06630995630326735,0.06304893242271983,0.05977318879194439,0.06630849604420477,0.06304716706925678,0.059771899095339934,0.06630661496580947
57,M3,250.5,13.475000000000001,487.525,27.304451259549914,27.304451259549914,27.304451259549914,20.831516720689656,20.828746684294416,20.833743842158963,20.838816618458576,20.838816618458576,20.838816618458576,0.007299897768917818,0.005072776299612999,0.01006993416415911,0.007299897768917818,0.005072776299612999,0.01006993416415911,0.007299897768917818,0.005072776299612999,0.01006993416415911,0.053263856326671376,0.047211674159436876,0.06097780781459725,0.05326207207298819,0.04720959376737184,0.060974309294717054,0.05325977351943172,0.047206913719456,0.06096942660074443
58,M1,250.5,13.475000000000001,487.525,26.426660027514153,26.426660027514153,26.426660027514153,20.09413016661701,20.0922025415476,20.09625608411427,20.12399866133564,20.12399866133564,20.12399866133564,0.029868494718627937,0.027742577221368258,0.03179611978804042,0.02986762452497258,0.027741800327102037,0.03179511518698263,0.02986650357927026,0.027740799562925043,0.03179382111125154,0.06315158086227685,0.06056096888978062,0.06580125903087669,0.06314977542980756,0.060559424076857535,0.06579900199765487,0.06314744974816847,0.060557434098709936,0.06579609462225335
58,M2,250.5,13.475000000000001,487.525,26.426660027514153,26.426660027514153,26.426660027514153,20.0941699116255,20.091408262591607,20.096799855068397,20.12399866133564,20.12399866133564,20.12399866133564,0.029828749710141864,0.027198806267240576,0.032590398744031114,0.029828546740754892,0.027198637204159888,0.032590244863674685,0.02982828526650437,0.02719841940989106,0.03259004662811085,0.06305731609500545,0.05993796604377974,0.06628957952352607,0.06305633287961566,0.059936948996545045,0.06628800384754147,0.06305506630026256,0.059935638840423994,0.06628597410186102
58,M3,250.5,13.475000000000001,487.525,26.426660027514153,26.426660027514153,26.426660027514153,20.116708322408506,20.11407969706476,20.118885214187696,20.12399866133564,20.12399866133564,20.12399866133564,0.007290338927133211,0.005113447147941183,0.009918964270880338,0.007290338927133211,0.005113447147941183,0.009918964270880338,0.007290338927133211,0.005113447147941183,0.009918964270880338,0.05371012804222017,0.04754463976268123,0.061341877871673126,0.0537083761384617,0.047541653359857106,0.0613382964022514,0.053706119259162424,0.04753780615659254,0.061333682604913745
59,M1,250.5,13.475000000000001,487.525,25.556732294362927,25.556732294362927,25.556732294362927,19.386999249805985,19.385112303759875,19.389104853165954,19.416866494712888,19.416866494712888,19.416866494712888,0.02986724490690225,0.027761641546934335,0.031754190953009624,0.029866502449029823,0.027760908852480913,0.03175322131367471,0.029865476221099835,0.02775996502182059,0.03175197227054817,0.06316874889995869,0.06056265370267649,0.0657241962210481,0.06316683666250214,0.06056120726964749,0.06572218957944709,0.06316437340949313,0.06055934401408328,0.06571960472012031
59,M2,250.5,13.475000000000001,487.525,25.556732294362927,25.556732294362927,25.556732294362927,19.38700950651216,19.384251987037416,19.3896170537655,19.416866494712888,19.416866494712888,19.416866494712888,0.029856988200725715,0.02724944094738413,0.03261450767546943,0.02985687255359512,0.027249360630089786,0.03261427164148603,0.02985672357178438,0.027249257161755684,0.0326139675719422,0.0631141213202713,0.06018332719110604,0.06626139781220855,0.0631131957833305,0.060182486256948026,0.06626011000732727,0.06311200350374513,0.06018140296124499,0.06625845107212355
59,M3,250.5,13.475000000000001,487.525,25.556732294362927,25.556732294362927,25.556732294362927,19.409630437869424,19.40695922384097,19.411727424205992,19.416866494712888,19.416866494712888,19.416866494712888,0.0072360568434608474,0.0051390705068985075,0.009907270871917284,0.0072360568434608474,0.0051390705068985075,0.009907270871917284,0.0072360568434608474,0.0051390705068985075,0.009907270871917284,0.05404245906439793,0.047948943384800935,0.06169607671831226,0.054040007632791834,0.04794650649860286,0.06169263887196557,0.05403684959504896,0.04794336720184199,0.06168797288964341
60,M1,250.5,13.475000000000001,487.525,24.695038089937526,24.695038089937526,24.695038089937526,18.687837391585923,18.685970810890673,18.68996178110175,18.71773857972594,18.71773857972594,18.71773857972594,0.029901188140015973,0.02777679862419069,0.03176776883526637,0.029900326664956567,0.027776166888872328,0.03176686421394644,0.029899216949731206,0.027775353102399807,0.031765698918276554,0.06323299254537616,0.06060158152726382,0.06580134404937868,0.06323136631799127,0.06060014536803923,0.06579945562013245,0.06322927146550142,0.060598295346208114,0.0657970230254729
60,M2,250.5,13.475000000000001,487.525,24.695038089937526,24.695038089937526,24.695038089937526,18.687774127523465,18.68502065233048,18.690356737722013,18.71773857972594,18.71773857972594,18.71773857972594,0.029964452202475095,0.027381842003927973,0.03271792739546119,0.02996441570879206,0.027381766308822417,0.0327178667054002,0.029964368695995874,0.027381668794998835,0.03271778852174676,0.06320335530970686,0.060349042212182076,0.06633053986450223,0.06320231567735399,0.06034825868977499,0.0663294908176145,0.06320097642723436,0.06034724934993328,0.06632813943539048
60,M3,250.5,13.475000000000001,487.525,24.695038089937526,24.695038089937526,24.695038089937526,18.71057850577702,18.7078542457594,18.71266248905866,18.71773857972594,18.71773857972594,18.71773857972594,0.007160073948921486,0.005076090667280098,0.009884333966539306,0.007160073948921486,0.005076090667280098,0.009884333966539306,0.007160073948921486,0.005076090667280098,0.009884333966539306,0.05441024685824802,0.048447729462990995,0.06192431589440649,0.054406543663669926,0.04844525582478899,0.06191702967341109,0.05440177306263648,0.04844206918221605,0.06190764346859481
61,M1,250.5,13.475000000000001,487.525,23.841675120683536,23.841675120683536,23.841675120683536,17.996790054961934,17.995013593689304,17.998853026126262,18.026761100652337,18.026761100652337,18.026761100652337,0.029971045690404242,0.02790807452607324,0.03174750696303205,0.02997026820230972,0.02790744277538515,0.03174665893918191,0.029969266668363297,0.027906628968970993,0.03174556654531338,0.06333521136894968,0.06074090547650388,0.06578389133827146,0.06333362936424596,0.06073962594290476,0.06578203480926886,0.06333159147424627,0.060737977671688356,0.06577964330435034
61,M2,250.5,13.475000000000001,487.525,23.841675120683536,23.841675120683536,23.841675120683536,17.99669524172821,17.993931953805202,17.999183188912816,18.026761100652337,18.026761100652337,18.026761100652337,0.03006585892412561,0.027577911739519043,0.03282914684713577,0.03006575487008329,0.02757780177258745,0.032829003491070756,0.03006562082300784,0.02757766010826334,0.03282881881337027,0.06338621428190824,0.060555053895900435,0.06639777138541872,0.06338553337630713,0.060554161276064514,0.06639668243402753,0.06338465622358413,0.06055301140291956,0.06639527964848138
61,M3,250.5,13.475000000000001,487.525,23.841675120683536,23.841675120683536,23.841675120683536,18.019654200833376,18.017007955773742,18.021776658467804,18.026761100652337,18.026761100652337,18.026761100652337,0.007106899818961232,0.004984442184532062,0.009753144878594695,0.007106899818961232,0.004984442184532062,0.009753144878594695,0.007106899818961232,0.004984442184532062,0.009753144878594695,0.05467493768522241,0.04885239440378273,0.062239372453703756,0.05467314657177816,0.048849743616765126,0.06223485441137945,0.05466946254554594,0.048846328765236716,0.062229034102003394
62,M1,250.5,13.475000000000001,487.525,22.996749098882027,22.996749098882027,22.996749098882027,17.314097899785917,17.312267431494178,17.316131207914893,17.344121567585063,17.344121567585063,17.344121567585063,0.03002366779914714,0.02799035967016851,0.031854136090887226,0.030023026444208963,0.02798978079578806,0.03185334692173847,0.03002220026353386,0.027989035099992253,0.03185233033786109,0.06347875684784565,0.06095806517083758,0.06596781437842558,0.06347734733554294,0.06095685368991274,0.06596618808117999,0.06347553163307013,0.06095529307833196,0.0659640931332621
62,M2,250.5,13.475000000000001,487.525,22.996749098882027,22.996749098882027,22.996749098882027,17.313994264666185,17.311247323664517,17.316346392317783,17.344121567585063,17.344121567585063,17.344121567585063,0.03012730291888096,0.02777517526728321,0.03287424392054376,0.030127188268693463,0.02777505691495862,0.03287411255373761,0.03012704057118945,0.02777490444819586,0.032873943321137106,0.06360340531022204,0.06080147624150202,0.06649033250164907,0.06360263939778073,0.060800781322828616,0.06648916088425892,0.06360165274238895,0.0607998861198282,0.06648765161445086
62,M3,250.5,13.475000000000001,487.525,22.996749098882027,22.996749098882027,22.996749098882027,17.3370653452328,17.334522855710098,17.339205566358526,17.344121567585063,17.344121567585063,17.344121567585063,0.007056222352261388,0.004916001226536687,0.009598711874967579,0.007056222352261388,0.004916001226536687,0.009598711874967579,0.007056222352261388,0.004916001226536687,0.009598711874967579,0.05486370673983251,0.04912894859018668,0.06238903596310079,0.054860477796875924,0.04912694899253178,0.06238450375199785,0.05485631814773442,0.04912437302547936,0.06237866518782727
63,M1,250.5,13.475000000000001,487.525,22.160381354805914,22.160381354805914,22.160381354805914,16.639923850760905,16.63804440980586,16.64194257456729,16.6700547876442,16.6700547876442,16.6700547876442,0.030130936883296416,0.028112213076910787,0.03201037783833954,0.030130271151274837,0.028111633779959705,0.03200960976537639,0.030129413570141702,0.028110887539582304,0.032008620355043385,0.06368578105057328,0.06116886367077768,0.06611781579985772,0.06368442936030982,0.06116771059447809,0.06611613760843829,0.06368268813872718,0.061166225216219214,0.06611397581665544
63,M2,250.5,13.475000000000001,487.525,22.160381354805914,22.160381354805914,22.160381354805914,16.639821196494637,16.63710193169919,16.642137480806618,16.6700547876442,16.6700547876442,16.6700547876442,0.03023359114956274,0.027917306837584775,0.0329528559450122,0.0302334941087705,0.02791716582975603,0.03295272595428517,0.030233369096477752,0.027916984177158613,0.03295255849441138,0.06384607636948152,0.0610739491152716,0.06665551049624821,0.06384521161997007,0.0610732991479786,0.06665441374624367,0.06384409764513943,0.06107246185042188,0.06665300091630166
63,M3,250.5,13.475000000000001,487.525,22.160381354805914,22.160381354805914,22.160381354805914,16.66313631529794,16.660593730279437,16.665319428800046,16.6700547876442,16.6700547876442,16.6700547876442,0.006918472346262083,0.004735358844156648,0.009461057364765851,0.006918472346262083,0.004735358844156648,0.009461057364765851,0.006918472346262083,0.004735358844156648,0.009461057364765851,0.05504738792977305,0.049089185097635615,0.0626331531925669,0.05504552053413235,0.049085803032171194,0.06262946065992232,0.05504311487337735,0.04908144612482593,0.0626247037862918
64,M1,250.5,13.475000000000001,487.525,21.332645668475706,21.332645668475706,21.332645668475706,15.97456123373549,15.972564206837255,15.976610061234936,16.004795802954135,16.004795802954135,16.004795802954135,0.03023456921864428,0.02818574171919889,0.03223159611688016,0.030233951559532173,0.02818517375000261,0.03223090545203106,0.03023315590142459,0.0281844421012553,0.03223001575117908,0.06392051845434435,0.061389805298759016,0.06635797193346349,0.06391928580107413,0.0613887252541403,0.0663565277187061,0.0639176979134985,0.061387333949314934,0.06635466731124198
64,M2,250.5,13.475000000000001,487.525,21.332645668475706,21.332645668475706,21.332645668475706,15.974455265860172,15.971778447973712,15.976810103302068,16.004795802954135,16.004795802954135,16.004795802954135,0.03034053709396127,0.027985699652066917,0.033017354980422645,0.030340431059406883,0.027985492104526333,0.033017194122491406,0.030340294460947118,0.02798522473341737,0.03301698689810335,0.06407020180161871,0.061366167053663906,0.06692060399781424,0.06406945176692308,0.06136534478392831,0.06691976415911352,0.06406848556374536,0.061364285531251034,0.0669186822713205
64,M3,250.5,13.475000000000001,487.525,21.332645668475706,21.332645668475706,21.332645668475706,15.997999541899308,15.995479651132213,16.000225993500827,16.004795802954135,16.004795802954135,16.004795802954135,0.006796261054826169,0.004569809453306437,0.009316151821922608,0.006796261054826169,0.004569809453306437,0.009316151821922608,0.006796261054826169,0.004569809453306437,0.009316151821922608,0.05509007262344014,0.04923986461257372,0.0626406099940606,0.05508762959145862,0.04923682333975032,0.062635612848944075,0.05508448237435526,0.04923290545331924,0.0626291753549511
65,M1,250.5,13.475000000000001,487.525,20.513587821211484,20.513587821211484,20.513587821211484,15.318109597498163,15.316087170870116,15.320137635118442,15.348477946520699,15.348477946520699,15.348477946520699,0.030368349022535157,0.0283403114022556,0.03239077565058141,0.03036777738736562,0.02833985100874956,0.03239013268846361,0.030367041013638782,0.028339257931618744,0.0323893044342403,0.06424722735727464,0.061621310361537174,0.0666791074964321,0.06424605317717941,0.061620310915959015,0.06667775486846245,0.0642445406103894,0.06161902343439428,0.06667601243508793
65,M2,250.5,13.475000000000001,487.525,20.513587821211484,20.513587821211484,20.513587821211484,15.318017623677795,15.315293272023878,15.320369994869285,15.348477946520699,15.348477946520699,15.348477946520699,0.03046032284290353,0.02810795165141488,0.03318467449682081,0.03046013233377356,0.028107824882953526,0.033184442043833765,0.030459886912907845,0.028107661574146625,0.033184142591404335,0.06431913986369926,0.06169477727315344,0.06717782097358309,0.06431850161875603,0.061694008848608706,0.06717697514082939,0.06431767942055863,0.06169301895755115,0.06717588553218526
65,M3,250.5,13.475000000000001,487.525,20.513587821211484,20.513587821211484,20.513587821211484,15.34181713908985,15.339358671794558,15.344087629951941,15.348477946520699,15.348477946520699,15.348477946520699,0.006660807430848126,0.004390316568757527,0.00911927472613978,0.006660807430848126,0.004390316568757527,0.00911927472613978,0.006660807430848126,0.004390316568757527,0.00911927472613978,0.05525505493448882,0.04931118563218896,0.0627809224069369,0.05525291778535901,0.04930906653677865,0.06277564163818303,0.055250164619019014,0.049306336627803725,0.06276883877660755
66,M1,250.5,13.475000000000001,487.525,19.703274197400994,19.703274197400994,19.703274197400994,14.670555557212122,14.668524565765313,14.672695356153728,14.70114908784496,14.70114908784496,14.70114908784496,0.03059353063284035,0.028453731691234455,0.03262452207964811,0.030593011491580974,0.028453308427027636,0.03262392777269822,0.030592330460072047,0.028452763177971106,0.032623162192414505,0.0645989443308389,0.06196039172040796,0.06703277867922494,0.06459782104361567,0.06195955222039985,0.06703137501618289,0.06459637403331102,0.061958470772905005,0.06702956684431226
66,M2,250.5,13.475000000000001,487.525,19.703274197400994,19.703274197400994,19.703274197400994,14.670530393532978,14.66783590493349,14.672843764697559,14.70114908784496,14.70114908784496,14.70114908784496,0.030618694311982393,0.02830532314740151,0.03331318291147201,0.03061854145706773,0.028305293841492718,0.033313073339153385,0.030618344542523882,0.028305256088309087,0.03331293218318737,0.06460534629027193,0.06200737805521329,0.0674543440133585,0.06460465731780647,0.06200676918625967,0.06745349369172307,0.06460376977343313,0.06200598483096845,0.06745239830009782
66,M3,250.5,13.475000000000001,487.525,19.703274197400994,19.703274197400994,19.703274197400994,14.69465621886011,14.692195049630811,14.6969316880677,14.70114908784496,14.70114908784496,14.70114908784496,0.006492868984850353,0.004217399777261436,0.008954038214148285,0.006492868984850353,0.004217399777261436,0.008954038214148285,0.006492868984850353,0.004217399777261436,0.008954038214148285,0.055337502165922495,0.04936723836981949,0.06315895504325238,0.055333427776243525,0.0493651537258724,0.06315188042561132,0.055328179014299914,0.049362468198617636,0.06314276668740729
67,M1,250.5,13.475000000000001,487.525,18.901824633902898,18.901824633902898,18.901824633902898,14.032074421171423,14.029937986523143,14.034273263373608,14.062902647138865,14.062902647138865,14.062902647138865,0.03082822596744235,0.028629383765256422,0.03296466061572152,0.030827702546702307,0.02862899168201547,0.03296408483964522,0.030827028279421416,0.028628486598904067,0.03296334312943071,0.06495928610257873,0.06234456154302026,0.06747990938299527,0.06495831291981569,0.06234371595798472,0.06747873256010653,0.06495695080204186,0.062342626671914016,0.06747721658581254
67,M2,250.5,13.475000000000001,487.525,18.901824633902898,18.901824633902898,18.901824633902898,14.032041265696275,14.02942557623684,14.034411040806692,14.062902647138865,14.062902647138865,14.062902647138865,0.030861381442590395,0.028491606332172095,0.0334770709020234,0.030861229149378742,0.02849158370621771,0.033476964302044374,0.03086103295844586,0.028491554558450385,0.033476826975179286,0.06494315601550742,0.06239531684291824,0.06778779963370307,0.06494256266754983,0.06239471342081716,0.06778687906504635,0.0649417983056306,0.062393936082202985,0.06778569318409083
67,M3,250.5,13.475000000000001,487.525,18.901824633902898,18.901824633902898,18.901824633902898,14.056598738960329,14.054097784184687,14.058880172670403,14.062902647138865,14.062902647138865,14.062902647138865,0.006303908178536155,0.004022474468462098,0.008804862954177591,0.006303908178536155,0.004022474468462098,0.008804862954177591,0.006303908178536155,0.004022474468462098,0.008804862954177591,0.055437705510601135,0.04944260337388158,0.06288346271941321,0.055434248747475504,0.049440929858068264,0.06287783818835106,0.055429795621579736,0.049438773962302326,0.06287059247048277
68,M1,250.5,13.475000000000001,487.525,18.109457715871336,18.109457715871336,18.109457715871336,13.402757406958562,13.400677722454088,13.405016019091686,13.433910625980698,13.433910625980698,13.433910625980698,0.031153219022134495,0.02889460688901184,0.033232903526608217,0.031152749933273008,0.028894225226969415,0.03323232756698293,0.031152145653486008,0.028893733567988474,0.03323158561995826,0.06540052742794222,0.06271880579235586,0.06800860420180257,0.06539942094056264,0.06271798556134722,0.06800749794902397,0.06539799557014109,0.06271692893523682,0.0680060728786368
68,M2,250.5,13.475000000000001,487.525,18.109457715871336,18.109457715871336,18.109457715871336,13.402839313078452,13.400181957589076,13.405168928695335,13.433910625980698,13.433910625980698,13.433910625980698,0.031071312902243478,0.028741697285363528,0.03372866839162058,0.031071253573960265,0.028741676172067333,0.03372856270398751,0.031071177144609913,0.028741648972974005,0.03372842655244733,0.06533957743138391,0.06268115952471505,0.06820198738474942,0.06533893844807234,0.06268053679073136,0.06820130646843359,0.06533811529956872,0.0626797345747221,0.06820042930116577
68,M3,250.5,13.475000000000001,487.525,18.109457715871336,18.109457715871336,18.109457715871336,13.427790499660286,13.425296148666096,13.430030333268963,13.433910625980698,13.433910625980698,13.433910625980698,0.006120126320411368,0.003880292711734068,0.008614477314600157,0.006120126320411368,0.003880292711734068,0.008614477314600157,0.006120126320411368,0.003880292711734068,0.008614477314600157,0.055419313829050035,0.04915143651718315,0.06265899901476626,0.055417085300868224,0.04914860993100498,0.06265454033434192,0.055414214415030055,0.049144968618113655,0.06264879650125121
69,M1,250.5,13.475000000000001,487.525,17.32648756648031,17.32648756648031,17.32648756648031,12.782989852825727,12.780872659643457,12.785246419051187,12.814420235869918,12.814420235869918,12.814420235869918,0.031430383044190116,0.029173816818730765,0.033547576226459305,0.03142996579133358,0.029173455377103523,0.033547021775215485,0.03142942828416178,0.02917298976519022,0.03354630753374617,0.06587767121144,0.0631425332592946,0.06859750738357917,0.06587672265422281,0.06314166898121802,0.06859635563141833,0.06587550072118478,0.06314055561502505,0.06859487195070585
69,M2,250.5,13.475000000000001,487.525,17.32648756648031,17.32648756648031,17.32648756648031,12.783071917469078,12.780456783657094,12.785451256161918,12.814420235869918,12.814420235869918,12.814420235869918,0.03134831840083952,0.028968979707999484,0.033963452212823174,0.03134820703767105,0.02896894704323518,0.03396337086111283,0.0313480635746521,0.02896890496302352,0.03396326606019773,0.06573152953951455,0.06297377810936895,0.06874126621494175,0.06573095492163102,0.06297323919739276,0.06874054670009316,0.0657302146873256,0.0629725449604116,0.06873961981088303
69,M3,250.5,13.475000000000001,487.525,17.32648756648031,17.32648756648031,17.32648756648031,12.808456917098717,12.805957207616835,12.81073353302223,12.814420235869918,12.814420235869918,12.814420235869918,0.005963318771201154,0.003686702847687154,0.008463028253080316,0.005963318771201154,0.003686702847687154,0.008463028253080316,0.005963318771201154,0.003686702847687154,0.008463028253080316,0.055410960008272496,0.048999848939041676,0.06254497917939068,0.05540885997962047,0.04899850583616075,0.0625408567665158,0.055406154633229884,0.048996775592185154,0.06253554612026971
70,M1,250.5,13.475000000000001,487.525,16.553493065965778,16.553493065965778,16.553493065965778,12.173121633984652,12.170911681944311,12.175379517606235,12.20487764975889,12.20487764975889,12.20487764975889,0.031756015774238575,0.029498132152655142,0.03396596781457872,0.03175562502585473,0.02949779184273993,0.03396544489137515,0.03175512166070585,0.029497353452009507,0.033964771262374294,0.06640611256173287,0.06360459473990716,0.06928962878303191,0.06640524034819459,0.06360388759061647,0.0692885446188477,0.06640411675790905,0.06360297663282247,0.06928714800080218
70,M2,250.5,13.475000000000001,487.525,16.553493065965778,16.553493065965778,16.553493065965778,12.173234527483853,12.170446826935752,12.175696142910724,12.20487764975889,12.20487764975889,12.20487764975889,0.03164312227503771,0.029181506848165603,0.03443082282313958,0.031643066975348105,0.029181426630632595,0.034430760644066916,0.031642995735812376,0.029181323290815516,0.03443068054220198,0.06620631170193246,0.06337419139493472,0.06939363702699407,0.06620574911589669,0.06337372897253193,0.06939301464269881,0.06620502438100143,0.0633731332688868,0.06939221287518034
70,M3,250.5,13.475000000000001,487.525,16.553493065965778,16.553493065965778,16.553493065965778,12.199071599927752,12.196645806677392,12.201356522493713,12.20487764975889,12.20487764975889,12.20487764975889,0.0058060498311374165,0.0035211272651771265,0.008231843081499645,0.0058060498311374165,0.0035211272651771265,0.008231843081499645,0.0058060498311374165,0.0035211272651771265,0.008231843081499645,0.05545573603060609,0.048852288125400614,0.06233404131870215,0.05545166194383428,0.048850992427256004,0.062328780918192495,0.055446413587217844,0.048849323252122864,0.06232200427670069
71,M1,250.5,13.475000000000001,487.525,15.791403989764982,15.791403989764982,15.791403989764982,11.573831627076416,11.571521016221961,11.576170170915455,11.60598867340845,11.60598867340845,11.60598867340845,0.03215704633203723,0.029818502492996404,0.034467657186488865,0.03215665934584917,0.02981818664317068,0.03446716637021759,0.032156160826998015,0.02981777976128245,0.03446653409961051,0.06690608876674332,0.0640938176071105,0.07007321782151359,0.06690529436926035,0.06409319591519679,0.0700720864884534,0.06690427101907839,0.0640923950418066,0.07007062910959816
71,M2,250.5,13.475000000000001,487.525,15.791403989764982,15.791403989764982,15.791403989764982,11.57407177717445,11.571130741853743,11.576602475636566,11.60598867340845,11.60598867340845,11.60598867340845,0.03191689623400304,0.029386197771885402,0.03485793155470947,0.0319168226826969,0.029386133000523777,0.034857849301981866,0.0319167279306117,0.02938604955915615,0.03485774334033602,0.06670413135966288,0.0637141669168434,0.07007344025899775,0.06670361743429898,0.06371375565481847,0.07007289225676336,0.06670295538389336,0.06371322585616335,0.0700721863077971
71,M3,250.5,13.475000000000001,487.525,15.791403989764982,15.791403989764982,15.791403989764982,11.600376551643555,11.597873258426482,11.602686797573508,11.60598867340845,11.60598867340845,11.60598867340845,0.005612121764896949,0.003301875834943441,0.008115414981969648,0.005612121764896949,0.003301875834943441,0.008115414981969648,0.005612121764896949,0.003301875834943441,0.008115414981969648,0.055385940281031706,0.04859763568547991,0.06251991118431083,0.0553819491564118,0.048596689782546804,0.06251751004636291,0.055376807675409166,0.04859547122842382,0.06251441679639763
72,M1,250.5,13.475000000000001,487.525,15.041469166735416,15.041469166735416,15.041469166735416,10.986100329052825,10.983655417878744,10.988527831095336,11.018691831493227,11.018691831493227,11.018691831493227,0.03259150244040113,0.03016400039788881,0.03503641361448169,0.03259115088945657,0.030163710156454488,0.03503594926651932,0.03259069801714446,0.030163336262776036,0.035035351091053504,0.06749736304672077,0.06448285811148233,0.07084569018680387,0.06749658844282427,0.0644822634451266,0.07084460036246973,0.06749559058999044,0.06448149738560997,0.07084319645225196
72,M2,250.5,13.475000000000001,487.525,15.041469166735416,15.041469166735416,15.041469166735416,10.986393389042574,10.983392009338388,10.98909451566362,11.018691831493227,11.018691831493227,11.018691831493227,0.032298442450652394,0.02959731582960446,0.03529982215483833,0.03229837116153701,0.029597242666064387,0.03529971632775636,0.03229827932370723,0.029597148413516794,0.03529957999657185,0.06720925466317824,0.06409778494218756,0.07080961689555326,0.06720873624441237,0.06409741609096488,0.0708090298911064,0.06720806840595436,0.06409694092629102,0.07080827369935605
72,M3,250.5,13.475000000000001,487.525,15.041469166735416,15.041469166735416,15.041469166735416,11.013225415706865,11.010778259416412,11.015578307669362,11.018691831493227,11.018691831493227,11.018691831493227,0.005466415786361312,0.003113523823863587,0.007913572076813837,0.005466415786361312,0.003113523823863587,0.007913572076813837,0.005466415786361312,0.003113523823863587,0.007913572076813837,0.0553020055848209,0.04823559883202295,0.062242032553155274,0.05529857108160854,0.04823476762724771,0.06223930007090653,0.05529208671619847,0.048233696832298584,0.06223577997000493
73,M1,250.5,13.475000000000001,487.525,14.305104372513433,14.305104372513433,14.305104372513433,10.410996392511581,10.40840435252352,10.413509439928879,10.44404387703841,10.44404387703841,10.44404387703841,0.03304748452682681,0.030534437109530785,0.035639524514889775,0.03304716236054227,0.03053416314662493,0.03563905842417839,0.03304674734090092,0.030533810222695447,0.03563845800344716,0.0681605190077334,0.06490137737467086,0.0716773353790823,0.06815989202307612,0.06490084145870166,0.0716763350033358,0.06815908433051332,0.06490015108089872,0.07167504631649291
73,M2,250.5,13.475000000000001,487.525,14.305104372513433,14.305104372513433,14.305104372513433,10.41136080661924,10.40812502798273,10.414216795695685,10.44404387703841,10.44404387703841,10.44404387703841,0.03268307041917094,0.029827081342725333,0.035918849055678506,0.03268305659060151,0.029827024203170148,0.035918775945008655,0.0326830387760193,0.029826950593437228,0.03591868176057085,0.06769161365421562,0.06452035420131488,0.07164392636793801,0.06769113417951887,0.06452001365480935,0.07164344298917857,0.06769051650845129,0.06451957495253968,0.0716428202879352
73,M3,250.5,13.475000000000001,487.525,14.305104372513433,14.305104372513433,14.305104372513433,10.438722471752927,10.436259225919233,10.441093804321362,10.44404387703841,10.44404387703841,10.44404387703841,0.005321405285483527,0.0029500727170485934,0.007784651119178043,0.005321405285483527,0.0029500727170485934,0.007784651119178043,0.005321405285483527,0.0029500727170485934,0.007784651119178043,0.05507557818396362,0.04796517793348114,0.06226794057483634,0.05507377743531158,0.047964113792380275,0.06226539946274451,0.0550715619662716,0.04796274291898271,0.06226212589262781
74,M1,250.5,13.475000000000001,487.525,13.583645166846726,13.583645166846726,13.583645166846726,9.849515331291457,9.846745441293814,9.852091090652108,9.883037933739114,9.883037933739114,9.883037933739114,0.0335226024476586,0.030946843087007382,0.03629249244530069,0.03352233032688561,0.030946565121057493,0.036292078124957716,0.033521979775275254,0.030946207040288366,0.03629154439302701,0.06876597055951286,0.06542004091222785,0.07250796783276453,0.06876528255084917,0.06541955963176693,0.07250701541592879,0.06876439624775837,0.06541893963523712,0.07250578850752734
74,M2,250.5,13.475000000000001,487.525,13.583645166846726,13.583645166846726,13.583645166846726,9.84994478926157,9.846422906852393,9.852946863508661,9.883037933739114,9.883037933739114,9.883037933739114,0.033093144477545564,0.030091070230454306,0.03661502688672119,0.03309310503887687,0.030091012802698207,0.03661501477079411,0.03309305423221834,0.030090938821691962,0.03661499916251444,0.06829022586841445,0.06488946866606402,0.07261246833095879,0.06828984299983809,0.06488915541185045,0.07261204915377646,0.06828934977737891,0.06488875186794588,0.07261150915748882
74,M3,250.5,13.475000000000001,487.525,13.583645166846726,13.583645166846726,13.583645166846726,9.877898040983268,9.875386109785882,9.880292158727148,9.883037933739114,9.883037933739114,9.883037933739114,0.005139892755845699,0.002745775011968099,0.0076518239532317785,0.005139892755845699,0.002745775011968099,0.0076518239532317785,0.005139892755845699,0.002745775011968099,0.0076518239532317785,0.05498409507625751,0.047612189707970015,0.06242671084450154,0.05498136569058074,0.04761085936590005,0.06242261654046917,0.054977909993295104,0.04760914556104267,0.06241734210830466
75,M1,250.5,13.475000000000001,487.525,12.878174161182637,12.878174161182637,12.878174161182637,9.30243802492907,9.299552439331332,9.305140507980596,9.336478790372084,9.336478790372084,9.336478790372084,0.03404076544301303,0.031338282391487796,0.0369263510407519,0.034040506670074556,0.031338016951395944,0.03692596927605151,0.03404017331302912,0.031337675006259336,0.03692547748143185,0.0694828938205125,0.06589694453730127,0.07338735977325542,0.06948220776943026,0.06589650788851614,0.07338646089134909,0.06948132398787771,0.06589594538658253,0.07338530294452467
75,M2,250.5,13.475000000000001,487.525,12.878174161182637,12.878174161182637,12.878174161182637,9.30294635854482,9.29925747458313,9.306096158798756,9.336478790372084,9.336478790372084,9.336478790372084,0.033532431827262926,0.030382631573327865,0.03722131578895513,0.03353238397353833,0.030382601641234797,0.03722122051821287,0.03353232232622807,0.03038256308137255,0.03722109778617774,0.06894759491683841,0.06526441929748059,0.07355921605235832,0.06894725572590654,0.06526408311775853,0.07355875275588411,0.0689468187695485,0.06526365004091682,0.07355815592482325
75,M3,250.5,13.475000000000001,487.525,12.878174161182637,12.878174161182637,12.878174161182637,9.33151434272295,9.32892120428081,9.334001886717864,9.336478790372084,9.336478790372084,9.336478790372084,0.004964447649132675,0.0024769036542192898,0.0075575860912724165,0.004964447649132675,0.0024769036542192898,0.0075575860912724165,0.004964447649132675,0.0024769036542192898,0.0075575860912724165,0.054806273312345624,0.04707218858597281,0.062264297384094065,0.05480397778500758,0.0470705346974047,0.0622596350871584,0.054801020594412,0.04706840408859383,0.06225362893421386
76,M1,250.5,13.475000000000001,487.525,12.189371246992607,12.189371246992607,12.189371246992607,8.770274956675891,8.767167890738431,8.773140510198527,8.804877260973402,8.804877260973402,8.804877260973402,0.03460230429751211,0.031736750774875935,0.037709370234971076,0.03460206098525491,0.031736550756900545,0.03770900664357808,0.03460174754459894,0.03173629308857692,0.03770853825929245,0.07023834697410221,0.06641213978186353,0.07436362782426262,0.07023771952768629,0.06641167240266299,0.07436278153348655,0.07023691123977205,0.06641107031372398,0.07436169133278048
76,M2,250.5,13.475000000000001,487.525,12.189371246992607,12.189371246992607,12.189371246992607,8.770873398251704,8.767056543762827,8.774193924494941,8.804877260973402,8.804877260973402,8.804877260973402,0.034003862721699384,0.03068333647846292,0.037820717210577365,0.034003854901225136,0.03068328511256873,0.037820688363879904,0.03400384482654011,0.030683218940724365,0.03782065120227287,0.0696236740058474,0.06569714611004178,0.07458328056406957,0.06962329432682589,0.06569691125351217,0.07458278784330213,0.06962280521308781,0.06569660870314611,0.07458215310726266
76,M3,250.5,13.475000000000001,487.525,12.189371246992607,12.189371246992607,12.189371246992607,8.800082240536549,8.79735856018629,8.802670792040455,8.804877260973402,8.804877260973402,8.804877260973402,0.004795020436854425,0.0022064689329476554,0.007518700787111877,0.004795020436854425,0.0022064689329476554,0.007518700787111877,0.004795020436854425,0.0022064689329476554,0.007518700787111877,0.05449912341498031,0.046219166471459856,0.06239038966308413,0.054496246496882714,0.04621867116153057,0.06238851840648235,0.054492540339692405,0.04621803308116157,0.06238610777131921
77,M1,250.5,13.475000000000001,487.525,11.517723697125936,11.517723697125936,11.517723697125936,8.253305810990906,8.249945172204978,8.256448119466139,8.288567039528631,8.288567039528631,8.288567039528631,0.03526122853772738,0.03211892006249393,0.03862186732365409,0.035261010353709446,0.032118717158837594,0.03862150455079648,0.035260729283338385,0.032118455773083476,0.03862103722069835,0.07110980388706092,0.0669917101247684,0.0754407770007772,0.07110924459574461,0.06699127538564711,0.07543995353709819,0.07110852410475102,0.06699071534371583,0.07543889274211524
77,M2,250.5,13.475000000000001,487.525,11.517723697125936,11.517723697125936,11.517723697125936,8.254077592492518,8.249896237786992,8.257606756268578,8.288567039528631,8.288567039528631,8.288567039528631,0.03448944703611556,0.030960283260054445,0.03867080174163913,0.034489370852713905,0.030960257949839157,0.03867072537149255,0.03448927271037777,0.03096022534408678,0.0386706269880509,0.07033015656545427,0.06607766990154207,0.07565831180320173,0.07032988623689433,0.06607747192359131,0.07565784797518499,0.07032953799032607,0.06607721688115631,0.0756572504591414
77,M3,250.5,13.475000000000001,487.525,11.517723697125936,11.517723697125936,11.517723697125936,8.283969291857918,8.281014674233653,8.28667361171732,8.288567039528631,8.288567039528631,8.288567039528631,0.004597747670713581,0.0018934278113121455,0.007552365294980309,0.004597747670713581,0.0018934278113121455,0.007552365294980309,0.004597747670713581,0.0018934278113121455,0.007552365294980309,0.054392002713585255,0.045505606343750796,0.06266304849667301,0.054390353434393884,0.04550515270291107,0.06265959933426107,0.05438822876279734,0.04550456830251602,0.06265515598811955
78,M1,250.5,13.475000000000001,487.525,10.863654504324414,10.863654504324414,10.863654504324414,7.751906468492454,7.748371767509108,7.755294738539324,7.787794910663283,7.787794910663283,7.787794910663283,0.03588844217082997,0.03250017212395929,0.03942314315417518,0.03588825787103325,0.03250002533367004,0.039422800696640475,0.03588802045058191,0.03249983623380382,0.0394223595363596,0.07188221107322995,0.06756500627204426,0.076464824635123,0.07188174407855918,0.0675646330845745,0.07646420615497644,0.07188114248409291,0.06756415233405777,0.07646340941598498
78,M2,250.5,13.475000000000001,487.525,10.863654504324414,10.863654504324414,10.863654504324414,7.7527840979867175,7.748285014376902,7.756683224293393,7.787794910663283,7.787794910663283,7.787794910663283,0.035010812676566166,0.031111686369889896,0.03950989628638146,0.035010792010687034,0.031111678955166592,0.039509827210915366,0.0350107653879764,0.031111669403188102,0.039509738224807675,0.07105633690976475,0.06653469732374062,0.07679895151617824,0.07105609333619761,0.0665344767177019,0.07679857478259036,0.07105577955604643,0.06653419252524573,0.07679808946266643
78,M3,250.5,13.475000000000001,487.525,10.863654504324414,10.863654504324414,10.863654504324414,7.783412839482907,7.780182595018674,7.786153198177491,7.787794910663283,7.787794910663283,7.787794910663283,0.004382071180376534,0.0016417124857933702,0.007612315644609709,0.004382071180376534,0.0016417124857933702,0.007612315644609709,0.004382071180376534,0.0016417124857933702,0.007612315644609709,0.05424476620390441,0.04462914337728194,0.06287226362558462,0.0542419764599283,0.04462890842578994,0.06286621388193743,0.054238382598226345,0.04462860575077285,0.0628584204460679
79,M1,250.5,13.475000000000001,487.525,10.2277782399449,10.2277782399449,10.2277782399449,7.266371803502868,7.262593928879406,7.269952805063484,7.302940081137847,7.302940081137847,7.302940081137847,0.036568277634978705,0.03298727607436253,0.04034615225844109,0.036568042584965404,0.03298711671812761,0.04034582650209821,0.036567739787541256,0.03298691143062626,0.040345406856000604,0.07278679395027526,0.06818534491600305,0.07782174705477166,0.07278635958477925,0.06818502978200361,0.07782121946700524,0.07278580002339041,0.06818462381657586,0.07782053981552885
79,M2,250.5,13.475000000000001,487.525,10.2277782399449,10.2277782399449,10.2277782399449,7.267425283433667,7.262489614285187,7.271672347873871,7.302940081137847,7.302940081137847,7.302940081137847,0.03551479770417998,0.03126773326397611,0.04045046685265982,0.0355147281106781,0.03126772715862447,0.04045042716569304,0.03551463845721352,0.03126771929343716,0.04045037603916578,0.07184458831889373,0.06695956339531516,0.07798331903651753,0.07184434697238964,0.0669593509594443,0.07798296108253974,0.07184403606121004,0.06695907729199947,0.07798249995476139
79,M3,250.5,13.475000000000001,487.525,10.2277782399449,10.2277782399449,10.2277782399449,7.298701250772437,7.2952599483270255,7.3015165605473475,7.302940081137847,7.302940081137847,7.302940081137847,0.004238830365409618,0.0014235205904993497,0.007680132810821028,0.004238830365409618,0.0014235205904993497,0.007680132810821028,0.004238830365409618,0.0014235205904993497,0.007680132810821028,0.05394449695465958,0.04359091747462414,0.06339824573965097,0.0539431950120483,0.04359058166081284,0.06339097742414512,0.05394151779317116,0.043590149050498114,0.06338161423122787
80,M1,250.5,13.475000000000001,487.525,9.61112367437141,9.61112367437141,9.61112367437141,6.797360471474438,6.793368770611373,6.801209102009046,6.834669723024909,6.834669723024909,6.834669723024909,0.03730925155047071,0.03346062101586335,0.041300952413536124,0.03730904321330015,0.03346046495242812,0.04130065863003314,0.03730877482746692,0.03346026390678342,0.04130028017114541,0.07372569736157904,0.06883706650595704,0.07913246969999516,0.0737252312778801,0.06883676266541977,0.07913179561865565,0.0737246308567368,0.06883637124839248,0.07913092725390125
80,M2,250.5,13.475000000000001,487.525,9.61112367437141,9.61112367437141,9.61112367437141,6.7985526131672245,6.793272901280318,6.803135153283866,6.834669723024909,6.834669723024909,6.834669723024909,0.036117109857684335,0.03153456974104341,0.04139682174459115,0.03611705140530594,0.03153456487933488,0.04139674223394463,0.036116976104335376,0.031534558616264294,0.04139663980525893,0.07266290277113199,0.06743566144726396,0.0790714426878718,0.07266270135234507,0.06743541314917574,0.07907106770996628,0.07266244187719907,0.06743509328302466,0.07907058465162597
80,M3,250.5,13.475000000000001,487.525,9.61112367437141,9.61112367437141,9.61112367437141,6.830600642761818,6.826943528389705,6.833499694386086,6.834669723024909,6.834669723024909,6.834669723024909,0.004069080263090996,0.0011700286388236115,0.007726194635202844,0.004069080263090996,0.0011700286388236115,0.007726194635202844,0.004069080263090996,0.0011700286388236115,0.007726194635202844,0.05365195448134999,0.04237680357816642,0.06422060548316277,0.053651263327955195,0.04237648916245544,0.06421796130151236,0.05365037295335659,0.042376084118118204,0.06421455495459163
81,M1,250.5,13.475000000000001,487.525,9.014967630042818,9.014967630042818,9.014967630042818,6.345749298821826,6.341472651597508,6.349812782647308,6.3838157566580005,6.3838157566580005,6.3838157566580005,0.038066457836174156,0.03400297401069213,0.04234310506049274,0.038066286318363535,0.034002804350592865,0.042342832331878986,0.03806606536372007,0.034002585789357456,0.04234248099585648,0.07467890911380697,0.06957917507042254,0.08045936290253353,0.0746784450943296,0.06957889728012767,0.08045871955676104,0.07467784733224711,0.06957853942149925,0.08045789078514692
81,M2,250.5,13.475000000000001,487.525,9.014967630042818,9.014967630042818,9.014967630042818,6.347126975361039,6.341476004338259,6.352014130386981,6.3838157566580005,6.3838157566580005,6.3838157566580005,0.036688781296960654,0.03180162627101924,0.042339752319741505,0.036688742282255105,0.03180156313354142,0.042339718435231925,0.03668869202176488,0.03180148179712419,0.0423396747836898,0.07347828090341987,0.06787098344040066,0.08025998608521678,0.07347804048779688,0.0678707828976163,0.08025967640498897,0.07347773077581046,0.06787052455108421,0.08025927746425732
81,M3,250.5,13.475000000000001,487.525,9.014967630042818,9.014967630042818,9.014967630042818,6.37989530818469,6.376040366918497,6.382883237790007,6.3838157566580005,6.3838157566580005,6.3838157566580005,0.003920448473311133,9.325188679928987e-4,0.007775389739503668,0.003920448473311133,9.325188679928987e-4,0.007775389739503668,0.003920448473311133,9.325188679928987e-4,0.007775389739503668,0.053284840784008,0.041286559118198105,0.06480455243646362,0.0532837130703816,0.041285689951756854,0.06480201660418958,0.05328294827633173,0.041284570254751324,0.06479874983740265
82,M1,250.5,13.475000000000001,487.525,8.440875200700988,8.440875200700988,8.440875200700988,5.912575802934638,5.9079153243453515,5.9168791889686965,5.951399373368068,5.951399373368068,5.951399373368068,0.03882357043343058,0.03452018439937253,0.04348404902271787,0.03882338112218289,0.03452004919478659,0.04348378328655895,0.038823137245673586,0.03451987501975871,0.043483440958125924,0.07577586454691468,0.07036928590242267,0.08176585554277158,0.0757754534922383,0.07036904125065618,0.08176530074699023,0.07577492395979957,0.07036872608180555,0.08176458604537715
82,M2,250.5,13.475000000000001,487.525,8.440875200700988,8.440875200700988,8.440875200700988,5.914057648428474,5.908071293448738,5.919210659683974,5.951399373368068,5.951399373368068,5.951399373368068,0.0373417249395947,0.032188713684094754,0.043328079919330624,0.03734167347154327,0.03218867325160849,0.043328017041430286,0.03734160716809537,0.03218862116476599,0.04332793603930424,0.07431684553097101,0.06834523912508901,0.08147582466830416,0.07431653933861282,0.06834501985547911,0.08147547758337173,0.07431614489142054,0.0683447373845378,0.08147503045709031
82,M3,250.5,13.475000000000001,487.525,8.440875200700988,8.440875200700988,8.440875200700988,5.9476352189402775,5.9435691607447225,5.95073420174119,5.951399373368068,5.951399373368068,5.951399373368068,0.003764154427790767,6.651716268786912e-4,0.007830212623345417,0.003764154427790767,6.651716268786912e-4,0.007830212623345417,0.003764154427790767,6.651716268786912e-4,0.007830212623345417,0.052936121157340525,0.04023025831351695,0.06525385590062346,0.05293544206597529,0.04022996038604495,0.06525174468317935,0.0529345672302485,0.040229576582612565,0.06524902492041515
83,M1,250.5,13.475000000000001,487.525,7.89052212750219,7.89052212750219,7.89052212750219,5.4987965832338634,5.49389008987337,5.50339442045202,5.53850188246446,5.53850188246446,5.53850188246446,0.039705299230597194,0.03510746201243954,0.04461179259108997,0.039705126125994236,0.035107325338303096,0.04461153270071917,0.03970490312711524,0.03510714927031712,0.04461119790277139,0.07681288683127749,0.07111721358291448,0.08312924609127828,0.07681255095325892,0.07111701975596686,0.08312874279189661,0.07681211826447354,0.07111677006097512,0.08312809442808172
83,M2,250.5,13.475000000000001,487.525,7.89052212750219,7.89052212750219,7.89052212750219,5.500564176768787,5.4941776717612,5.505967848227281,5.53850188246446,5.53850188246446,5.53850188246446,0.03793770569567351,0.032534034237179064,0.04432421070326003,0.03793765738156388,0.032533990387616674,0.04432414256643246,0.037937595141165,0.03253393389873287,0.044324054789522345,0.07520861037053847,0.06875812190909233,0.08274030913064209,0.07520840767486611,0.06875790449542135,0.08273997987467688,0.07520814655472575,0.068757624415321,0.08273955571600347
83,M3,250.5,13.475000000000001,487.525,7.89052212750219,7.89052212750219,7.89052212750219,5.534897634294923,5.530490774460962,5.538047347714952,5.53850188246446,5.53850188246446,5.53850188246446,0.0036042481695366946,4.545347495087643e-4,0.008011108003497474,0.0036042481695366946,4.545347495087643e-4,0.008011108003497474,0.0036042481695366946,4.545347495087643e-4,0.008011108003497474,0.05264029328090736,0.0394281191791989,0.06602085591826953,0.052639479651414176,0.03942741871963318,0.06601960796396214,0.0526384314983223,0.03942651635664811,0.06601800029444105
84,M1,250.5,13.475000000000001,487.525,7.365055606234096,7.365055606234096,7.365055606234096,5.105224812115905,5.100020133464152,5.1101097295750115,5.145815835473459,5.145815835473459,5.145815835473459,0.04059102335755363,0.0357061058984475,0.0457957020093064,0.040590854611655694,0.035705972848848855,0.045795441789701366,0.04059063722781649,0.03570580145008793,0.04579510656749991,0.07787288449842678,0.07185981765265459,0.08466861893905041,0.07787255160865583,0.07185965405303205,0.08466815034454869,0.07787212276934613,0.07185944329776642,0.08466754668775693
84,M2,250.5,13.475000000000001,487.525,7.365055606234096,7.365055606234096,7.365055606234096,5.10720681816416,5.10041251480332,5.113114814105218,5.145815835473459,5.145815835473459,5.145815835473459,0.03860901730929986,0.032701021368241226,0.0454033206701389,0.03860897463762429,0.032701001628806195,0.04540324738624597,0.03860891966606157,0.03270097619958233,0.04540315297866553,0.07606306764783459,0.06919943758054957,0.08404536738929903,0.07606289687244791,0.06919927797817879,0.08404505121996579,0.07606267687299012,0.06919907237230803,0.08404464391974642
84,M3,250.5,13.475000000000001,487.525,7.365055606234096,7.365055606234096,7.365055606234096,5.142333610464194,5.137760166762243,5.145539115048257,5.145815835473459,5.145815835473459,5.145815835473459,0.0034822250092654272,2.767204252029948e-4,0.008055668711216088,0.0034822250092654272,2.767204252029948e-4,0.008055668711216088,0.0034822250092654272,2.767204252029948e-4,0.008055668711216088,0.05218954489440561,0.03824040805393951,0.06713259534810287,0.05218814519500503,0.03823998275313015,0.06713171457726308,0.05218634204161033,0.038239434861879265,0.06713057992912505
85,M1,250.5,13.475000000000001,487.525,6.864984362461639,6.864984362461639,6.864984362461639,4.732016532708887,4.72660256396931,4.737284354150416,4.773574843607649,4.773574843607649,4.773574843607649,0.04155831089876241,0.036290489457231484,0.04697227963833854,0.04155816767152506,0.03629039326612839,0.04697201617808378,0.04155798316125244,0.036290269349224274,0.04697167678115632,0.07907131709023851,0.07266898102044853,0.086346131461741693,0.0790710101019417,0.07266880619200525,0.0863457190839078,0.07907061462938711,0.07266858097145679,0.08634518784610602
85,M2,250.5,13.475000000000001,487.525,6.864984362461639,6.864984362461639,6.864984362461639,4.734241746655613,4.727053331428907,4.740688762863397,4.773574843607649,4.773574843607649,4.773574843607649,0.039333096952036,0.03288608074425125,0.046521512178741016,0.03933306033044506,0.03288607038825926,0.04652142471842498,0.0393330131528722,0.03288605704720679,0.04652131204815628,0.0770486838572908,0.06965011469848013,0.08549741609600289,0.07704845704378996,0.06964997948780884,0.08549713096457562,0.07704816485440212,0.06964980530413899,0.08549676364810715
85,M3,250.5,13.475000000000001,487.525,6.864984362461639,6.864984362461639,6.864984362461639,4.770249729282519,4.765303644451591,4.773407930003994,4.773574843607649,4.773574843607649,4.773574843607649,0.003325114325129108,1.6691360365351794e-4,0.008271199156057143,0.003325114325129108,1.6691360365351794e-4,0.008271199156057143,0.003325114325129108,1.6691360365351794e-4,0.008271199156057143,0.051968390931486294,0.037093091744314396,0.0680877101339169,0.05196634402564054,0.037091850031420154,0.06808743186576077,0.051964845997542156,0.03709025040493656,0.06808707338826717
86,M1,250.5,13.475000000000001,487.525,6.3905648669251365,6.3905648669251365,6.3905648669251365,4.379263937064394,4.373470155514758,4.38491399476155,4.421829230679006,4.421829230679006,4.421829230679006,0.042565293614612434,0.036915235917456955,0.04835907516424847,0.04256518348103529,0.03691512631165385,0.048358864415261237,0.042565041602865825,0.03691498511350251,0.048358592921897675,0.08020739395697593,0.07338658730679995,0.08810006201680325,0.08020714207138868,0.07338645937477442,0.08809963604265664,0.08020681758341064,0.07338629456766427,0.08809908728973251
86,M2,250.5,13.475000000000001,487.525,6.3905648669251365,6.3905648669251365,6.3905648669251365,4.381768058737093,4.374029511214516,4.388698741390028,4.421829230679006,4.421829230679006,4.421829230679006,0.0400611719419136,0.03313048928897791,0.04779971946448951,0.04006114137923032,0.03313047978161493,0.04779967742845646,0.04006110200701353,0.03313046753380432,0.047799623275756875,0.07799917907394732,0.0702055145881926,0.08707850408366004,0.07799901549229157,0.07020538469996629,0.08707823673103562,0.0779988047600397,0.07020521737283425,0.08707789231766484
86,M3,250.5,13.475000000000001,487.525,6.3905648669251365,6.3905648669251365,6.3905648669251365,4.41869184571447,4.41322393776141,4.421747331854821,4.421829230679006,4.421829230679006,4.421829230679006,0.0031373849645361385,8.189882418536688e-5,0.008605292917596891,0.0031373849645361385,8.189882418536688e-5,0.008605292917596891,0.0031373849645361385,8.189882418536688e-5,0.008605292917596891,0.05166023822229323,0.03595180787127693,0.06881975819895123,0.051659937265795715,0.035950635930489194,0.06881953300260135,0.05165954956017509,0.03594912618761277,0.06881924289458322
87,M1,250.5,13.475000000000001,487.525,5.941591968079619,5.941591968079619,5.941591968079619,4.046733716046565,4.040463415868984,4.052779380245586,4.090305877009508,4.090305877009508,4.090305877009508,0.04357216096294434,0.03752649676392264,0.04984246114052546,0.04357206080229968,0.03752640915245016,0.04984226162825166,0.043571931771546404,0.037526296288032265,0.0498420046101572,0.08143152094963581,0.07422485680456681,0.08987342409224444,0.08143128035105898,0.07422468052695855,0.08987302285357052,0.08143097040341385,0.07422445343954512,0.08987250596519418
87,M2,250.5,13.475000000000001,487.525,5.941591968079619,5.941591968079619,5.941591968079619,4.049513533351327,4.041211743751153,4.056926997468885,4.090305877009508,4.090305877009508,4.090305877009508,0.040792343658182614,0.03337887954062404,0.0490941332583562,0.04079229488629106,0.033378870427283075,0.049094079028676206,0.04079223205615702,0.03337885868706927,0.049094009167636676,0.07900248883592212,0.0706848734610536,0.08865189810480621,0.07900230933628685,0.07068475924713838,0.08865165589815405,0.0790020780979655,0.07068461211220825,0.08865134387844084
87,M3,250.5,13.475000000000001,487.525,5.941591968079619,5.941591968079619,5.941591968079619,4.087315420902057,4.0813130185322875,4.090287071303777,4.090305877009508,4.090305877009508,4.090305877009508,0.002990456107452466,1.8805705730987057e-5,0.008992858477220901,0.002990456107452466,1.8805705730987057e-5,0.008992858477220901,0.002990456107452466,1.8805705730987057e-5,0.008992858477220901,0.05133311831594083,0.034777535134710165,0.06958465289560901,0.05133297171777435,0.03477706024496489,0.06958447286661489,0.05133278286345503,0.03477644847097972,0.06958424094520585
88,M1,250.5,13.475000000000001,487.525,5.5170094313590505,5.5170094313590505,5.5170094313590505,3.7335953899437486,3.726780788779879,3.73992691878105,3.778149276197919,3.778149276197919,3.778149276197919,0.04455388625417035,0.03822235741686896,0.051368487418039926,0.04455377895577842,0.03822227753448883,0.05136829890744295,0.04455364072993975,0.038222174626922345,0.05136805606187133,0.08271759042419671,0.07506691109630047,0.09169691030569099,0.08271734551811159,0.0750667788865189,0.09169653303380326,0.08271703002128755,0.07506660856864154,0.09169604701980577
88,M2,250.5,13.475000000000001,487.525,5.5170094313590505,5.5170094313590505,5.5170094313590505,3.7366112188882448,3.7278225531684903,3.7445157125444712,3.778149276197919,3.778149276197919,3.778149276197919,0.041538057309674234,0.03363356365344752,0.05032672302942871,0.04153802310343205,0.033633555316727556,0.0503266666710709,0.041537979037420014,0.0336335445769917,0.05032659406777563,0.07996784019508124,0.07121447526865325,0.09021807169055414,0.07996767449252323,0.07121437097976571,0.0902178418615919,0.07996746102803066,0.07121423663060339,0.09021754578716752
88,M3,250.5,13.475000000000001,487.525,5.5170094313590505,5.5170094313590505,5.5170094313590505,3.7752802351143435,3.7687078781149768,3.778149276197919,3.778149276197919,3.778149276197919,3.778149276197919,0.002869041083575885,0,0.009441398082942372,0.002869041083575885,0,0.009441398082942372,0.002869041083575885,0,0.009441398082942372,0.05104332936310313,0.0334735169602709,0.07039437138619381,0.05104280918083616,0.03347309491371587,0.07039426904125604,0.05104213905901825,0.03347255121466382,0.07039413719592577
89,M1,250.5,13.475000000000001,487.525,5.115043719104683,5.115043719104683,5.115043719104683,3.4383886829299346,3.431061254593933,3.4451755456786506,3.484027178978149,3.484027178978149,3.484027178978149,0.04563849604821373,0.03885163329949809,0.05296592438421547,0.045638423503785316,0.038851549271475494,0.052965721914414246,0.04563833004914195,0.038851441023368745,0.05296546108600579,0.08399736125237267,0.07599717193704866,0.0935677472874722,0.08399711733850443,0.07599705344684662,0.09356739324222396,0.08399680311983157,0.07599690080300439,0.09356693714919458
89,M2,250.5,13.475000000000001,487.525,5.115043719104683,5.115043719104683,5.115043719104683,3.441765332992214,3.432343208219512,3.4501406500640632,3.484027178978149,3.484027178978149,3.484027178978149,0.042261845985934854,0.03388652891408535,0.051683970758636365,0.04226180458582286,0.03388650365802223,0.051683915638079926,0.042261751252361666,0.033886471122031095,0.051683844629375975,0.0810395608892116,0.07175227876908546,0.09184556739537,0.08103943364389335,0.07175215372891504,0.09184534990206844,0.08103926972137293,0.0717519926471551,0.09184506971884376
89,M3,250.5,13.475000000000001,487.525,5.115043719104683,5.115043719104683,5.115043719104683,3.4813139781088567,3.4741283769018603,3.484027178978149,3.484027178978149,3.484027178978149,3.484027178978149,0.0027132008692919984,0,0.009898802076288163,0.0027132008692919984,0,0.009898802076288163,0.0027132008692919984,0,0.009898802076288163,0.05086596268707471,0.03219222174389479,0.07171703319401483,0.050864599787351895,0.0321919410914544,0.07171699412523239,0.050862844043921,0.03219157954258338,0.07171694379507788
90,M1,250.5,13.475000000000001,487.525,4.733524899030826,4.733524899030826,4.733524899030826,3.159658446357421,3.151699504958202,3.16691571913791,3.2063547657388014,3.2063547657388014,3.2063547657388014,0.04669631938138065,0.039439046600891384,0.05465526078059936,0.04669624172954914,0.03943895768759048,0.054655069743637694,0.046696141695360335,0.03943884314607807,0.054654823643211684,0.08530545491946126,0.0769536888923521,0.09552491468750451,0.08530530957177072,0.07695358298443432,0.09552457574479023,0.08530512232910947,0.07695344654953941,0.09552413910710825
90,M2,250.5,13.475000000000001,487.525,4.733524899030826,4.733524899030826,4.733524899030826,3.163294421097237,3.1532171823577597,3.1720554808173786,3.2063547657388014,3.2063547657388014,3.2063547657388014,0.04306034464156437,0.03429928492142278,0.05313758338104181,0.043060324711168746,0.03429928064627311,0.053137524239872766,0.0430602990359409,0.034299275138833935,0.05313744805171635,0.08215869890560183,0.0722435089483694,0.09356441303352367,0.08215860462444101,0.07224339423902898,0.09356420783823738,0.08215848316750551,0.07224324646580924,0.0935639434976894
90,M3,250.5,13.475000000000001,487.525,4.733524899030826,4.733524899030826,4.733524899030826,3.203764475755361,3.196115128035081,3.2063547657388014,3.2063547657388014,3.2063547657388014,3.2063547657388014,0.0025902899834404636,0,0.010239637703720663,0.0025902899834404636,0,0.010239637703720663,0.0025902899834404636,0,0.010239637703720663,0.05030130576912255,0.031022908108140113,0.07275954127894428,0.050301172067465094,0.031022628889289503,0.07275570453544429,0.050300999827007455,0.031022269187227502,0.07275076193484678
91,M1,250.5,13.475000000000001,487.525,4.369802181048501,4.369802181048501,4.369802181048501,2.8954829046859416,2.8869127960364036,2.903150244438829,2.9432428550789185,2.9432428550789185,2.9432428550789185,0.04775995039297687,0.04009261064008934,0.05633005904251469,0.04775985403472241,0.04009255311492178,0.056329883094331554,0.047759729902278836,0.040092479008690146,0.05632965643160176,0.0866147806763123,0.07793504660744374,0.09759790872518675,0.0866145796553986,0.07793495222126864,0.09759759206940509,0.08661432069281141,0.07793483062910622,0.09759718414223158
91,M2,250.5,13.475000000000001,487.525,4.369802181048501,4.369802181048501,4.369802181048501,2.899282063083424,2.888633045966965,2.9085129563804633,2.9432428550789185,2.9432428550789185,2.9432428550789185,0.04396079199549411,0.03472989869845492,0.05460980911195329,0.043960779427982266,0.034729894354752724,0.0546097571503997,0.04396076323795091,0.03472988875900111,0.05460969021120024,0.08329214838651687,0.07275356701585209,0.09527064055316489,0.08329204061054976,0.0727534706785185,0.09527047488716947,0.08329190176912761,0.07275334657280147,0.09527026146954759
91,M3,250.5,13.475000000000001,487.525,4.369802181048501,4.369802181048501,4.369802181048501,2.9407834043846948,2.93242277353463,2.9432428550789185,2.9432428550789185,2.9432428550789185,2.9432428550789185,0.002459450694223708,0,0.010820081544288353,0.002459450694223708,0,0.010820081544288353,0.002459450694223708,0,0.010820081544288353,0.04982573519889959,0.029895525944431338,0.07433030894453237,0.049824951452734204,0.029895520179646872,0.07432838755681397,0.04982394179648698,0.029895512753193458,0.07432591234347101
92,M1,250.5,13.475000000000001,487.525,4.020463308700883,4.020463308700883,4.020463308700883,2.6434336437073283,2.634385252195573,2.651474674997843,2.6923258010907967,2.6923258010907967,2.6923258010907967,0.048892157383467964,0.040851126092954035,0.05794054889522368,0.04889207696178169,0.040851074242226434,0.05794036598418929,0.04889197335937677,0.04085100744600986,0.05794013035167869,0.08799198922597483,0.07893896846924578,0.09958669605216137,0.08799180527082862,0.07893888548188269,0.09958643364815478,0.08799156829286339,0.07893877857410095,0.09958609560962066
92,M2,250.5,13.475000000000001,487.525,4.020463308700883,4.020463308700883,4.020463308700883,2.647466426258215,2.636299233315434,2.6571904190782925,2.6923258010907967,2.6923258010907967,2.6923258010907967,0.04485937483258186,0.035135382012504046,0.05602656777536258,0.04485935286794836,0.035135374381894166,0.056026486230359045,0.04485932457212419,0.03513536455180092,0.056026381180438775,0.08441216459683712,0.07322577196673485,0.09696836958256375,0.08441209524169957,0.07322569529187274,0.09696821427727152,0.08441200589545181,0.07322559651611127,0.0969680142066686
92,M3,250.5,13.475000000000001,487.525,4.020463308700883,4.020463308700883,4.020463308700883,2.6900077932216426,2.6808214866496423,2.6923258010907967,2.6923258010907967,2.6923258010907967,2.6923258010907967,0.002318007869154093,0,0.011504314441154144,0.002318007869154093,0,0.011504314441154144,0.002318007869154093,0,0.011504314441154144,0.049317727805824385,0.028592458754672742,0.07595017301191656,0.049315358181663424,0.02859180032056171,0.07589119040839686,0.049312305563354475,0.02859095209968024,0.0758153529774355
93,M1,250.5,13.475000000000001,487.525,3.6806501086793637,3.6806501086793637,3.6806501086793637,2.4002890951283833,2.390844926859781,2.4086938761906085,2.450322549320443,2.450322549320443,2.450322549320443,0.05003345419205994,0.04162867312983444,0.05947762246066192,0.05003338481770636,0.04162862652859971,0.0594774516508942,0.050033295446841715,0.04162856649497182,0.05947723160752212,0.08942235319184214,0.07996398862720694,0.1015391566661277,0.08942223068600155,0.07996391517455059,0.10153891484709493,0.089422072869025,0.07996382054974706,0.10153860332670497
93,M2,250.5,13.475000000000001,487.525,3.6806501086793637,3.6806501086793637,3.6806501086793637,2.40456290668579,2.3928617416190248,2.414845869992746,2.450322549320443,2.450322549320443,2.450322549320443,0.04575964263465293,0.035476679327696506,0.057460807701417885,0.04575960845935158,0.035476672015894994,0.057460734147347106,0.04575956443324093,0.035476662596504976,0.057460639391700374,0.08560970044677729,0.07380409145116501,0.09872044458069154,0.08560962893475145,0.07380404630840234,0.09872022823805399,0.08560953680990985,0.07380398815354741,0.09871994953724124
93,M3,250.5,13.475000000000001,487.525,3.6806501086793637,3.6806501086793637,3.6806501086793637,2.448102466086661,2.4382660224238935,2.450322549320443,2.450322549320443,2.450322549320443,2.450322549320443,0.0022200832337821996,0,0.012056526896549923,0.0022200832337821996,0,0.012056526896549923,0.0022200832337821996,0,0.012056526896549923,0.048793632220219804,0.0275431659591049,0.07761222918379285,0.04879346120250043,0.02754316522590603,0.07760530205080249,0.04879324088982368,0.027543164281366418,0.07759637849758932
94,M1,250.5,13.475000000000001,487.525,3.3430488228392634,3.3430488228392634,3.3430488228392634,2.161191219336974,2.151277569183824,2.169994751036216,2.212396835049479,2.212396835049479,2.212396835049479,0.05120561571250484,0.04240208401326306,0.061119265865655165,0.051205499841929306,0.042402043804953514,0.06111911932074722,0.051205350573039515,0.042401992006941766,0.06111893053605247,0.09085462054259319,0.08100792247581198,0.10351538359822454,0.09085451566186209,0.08100785434046734,0.1035151042045412,0.09085438055016601,0.08100776656563508,0.10351474427926226
94,M2,250.5,13.475000000000001,487.525,3.3430488228392634,3.3430488228392634,3.3430488228392634,2.165768564983402,2.1533930110442343,2.17656978995007,2.212396835049479,2.212396835049479,2.212396835049479,0.046628270066077074,0.035827045099408913,0.059003824005244926,0.046628234892336556,0.035827038106210754,0.059003751760458224,0.04662818957998707,0.03582702909725983,0.05900365869148984,0.08676410721281136,0.07442895985016451,0.10052209405941934,0.08676404519763083,0.07442890068412536,0.10052195635501636,0.08676396530701051,0.07442882446392314,0.10052177895854664
94,M3,250.5,13.475000000000001,487.525,3.3430488228392634,3.3430488228392634,3.3430488228392634,2.210269579276937,2.199775089337547,2.212396835049479,2.212396835049479,2.212396835049479,2.212396835049479,0.002127255772542136,0,0.012621745711932374,0.002127255772542136,0,0.012621745711932374,0.002127255772542136,0,0.012621745711932374,0.048210340774705304,0.026640230583565513,0.07895823541872082,0.04821002975375913,0.02664022881054855,0.07895099655701311,0.04820962908271228,0.02664022652646873,0.0789416714604933
95,M1,250.5,13.475000000000001,487.525,2.9967888763244903,2.9967888763244903,2.9967888763244903,1.9191086394001977,1.9085838297703879,1.9283346913610688,1.9714770563478021,1.9714770563478021,1.9714770563478021,0.05236841694760474,0.043142364986733545,0.06289322657741438,0.0523683581460557,0.043142330889035324,0.06289308973657856,0.05236828239545723,0.04314228696295051,0.06289291345294672,0.09233361225905976,0.081914541600942,0.10553796201849436,0.0923335073195043,0.08191447930472767,0.10553770353473554,0.09233337213201333,0.08191439905209306,0.10553737054620321
95,M2,250.5,13.475000000000001,487.525,2.9967888763244903,2.9967888763244903,2.9967888763244903,1.9238913281798886,1.9109273760725314,1.9352907566330404,1.9714770563478021,1.9714770563478021,1.9714770563478021,0.047585728167913656,0.03618629971476183,0.06054968027527073,0.047585706656410556,0.03618629304812356,0.06054961845875911,0.047585678944329274,0.0361862844598617,0.060549538824010915,0.08796001114210888,0.07499087388726862,0.10228936499039058,0.08795993099631999,0.074990820973546,0.10228923816604488,0.08795982774911315,0.07499075280782991,0.10228907478566585
95,M3,250.5,13.475000000000001,487.525,2.9967888763244903,2.9967888763244903,2.9967888763244903,1.969422572869692,1.958085128444507,1.9714770563478021,1.9714770563478021,1.9714770563478021,1.9714770563478021,0.0020544834781103805,0,0.013391927903295128,0.0020544834781103805,0,0.013391927903295128,0.0020544834781103805,0,0.013391927903295128,0.04796537354198112,0.02558979464298817,0.08074604219166054,0.04796534537060834,0.025589793481763084,0.08062074132921299,0.0479653090789848,0.025589791985820946,0.0804721066553919
96,M1,250.5,13.475000000000001,487.525,2.6255701243017286,2.6255701243017286,2.6255701243017286,1.663492972571034,1.6524071347381075,1.6731966123709796,1.717091138209777,1.717091138209777,1.717091138209777,0.05359816563874328,0.043894525838797605,0.06468400347166964,0.053598115052213714,0.04389449563801092,0.0646838761914245,0.053598049884519106,0.0438944567320808,0.06468371222403528,0.09384016052516847,0.08277872120980061,0.107614887780435,0.0938400773734743,0.08277866705419445,0.10761460378917666,0.09383997025395635,0.08277859728862083,0.10761423794124889
96,M2,250.5,13.475000000000001,487.525,2.6255701243017286,2.6255701243017286,2.6255701243017286,1.6686037619959304,1.6550768828134415,1.6805369169759965,1.717091138209777,1.717091138209777,1.717091138209777,0.048487376213846925,0.0365542212337807,0.06201425539633561,0.04848735602496991,0.036554214897479724,0.06201419659023373,0.04848733001676904,0.036554206734773144,0.06201412083362458,0.08916225130732666,0.07556119498681829,0.10418777621407962,0.08916216943481517,0.075561147825352,0.10418766696083606,0.08916206396317775,0.07556108706992715,0.10418752621622365
96,M3,250.5,13.475000000000001,487.525,2.6255701243017286,2.6255701243017286,2.6255701243017286,1.71508416555649,1.7029791077788943,1.717091138209777,1.717091138209777,1.717091138209777,1.717091138209777,0.002006972653287198,0,0.014112030430882862,0.002006972653287198,0,0.014112030430882862,0.002006972653287198,0,0.014112030430882862,0.04768983142561961,0.024559059018210976,0.08479436116678077,0.047689223118227514,0.024559058269793658,0.08465998941884617,0.04768843946974066,0.024559057305648967,0.0844674453868248
97,M1,250.5,13.475000000000001,487.525,2.20363833978465,2.20363833978465,2.20363833978465,1.3779981294394745,1.366461040838701,1.3882369423090473,1.4328320554751066,1.4328320554751066,1.4328320554751066,0.054833926035632044,0.04459511316605945,0.06637101463640553,0.05483387833129351,0.0445950830280418,0.06637089929108608,0.05483381687654936,0.04459504420297307,0.06637075069865364,0.09534656766379716,0.08365041094561051,0.10964541271439782,0.09534642125665045,0.08365036408116491,0.10964521876276503,0.09534623264915301,0.08365030370836388,0.10964496890656775
97,M2,250.5,13.475000000000001,487.525,2.20363833978465,2.20363833978465,2.20363833978465,1.383372545206359,1.3693449656524446,1.3959226867896066,1.4328320554751066,1.4328320554751066,1.4328320554751066,0.04945951026874776,0.03690936868549993,0.06348708982266214,0.04945949824971248,0.036909363450820076,0.06348703413169522,0.0494594827662549,0.03690935670727116,0.06348696238813686,0.09030291800223574,0.07613932671930845,0.10611222665524361,0.09030287308842022,0.0761392848379215,0.1061121267207443,0.09030281522849032,0.07613923088451252,0.10611199798089987
97,M3,250.5,13.475000000000001,487.525,2.20363833978465,2.20363833978465,2.20363833978465,1.4308791974042867,1.4179772668230763,1.4328320554751066,1.4328320554751066,1.4328320554751066,1.4328320554751066,0.0019528580708199073,0,0.014854788652030342,0.0019528580708199073,0,0.014854788652030342,0.0019528580708199073,0,0.014854788652030342,0.04726291657808171,0.02350519295785273,0.0865672025076219,0.04726068808814148,0.02350445058287875,0.08656689818267824,0.047257817294806465,0.023503494233388815,0.08656650613767194
98,M1,250.5,13.475000000000001,487.525,1.6873548999999999,1.6873548999999999,1.6873548999999999,1.0349623501269114,1.0230319908953271,1.0456438898861673,1.0910334572575358,1.0910334572575358,1.0910334572575358,0.056071107130624395,0.04538956737136867,0.06800146636220858,0.05607105768114341,0.045389550047406045,0.06800136086641048,0.05607099397810832,0.04538952772990185,0.0680012249620007,0.09685708919669432,0.08452782150483638,0.11162345905904418,0.09685701840151623,0.0845277811572406,0.11162328283819486,0.09685692719999853,0.0845277291796615,0.111623055822608
98,M2,250.5,13.475000000000001,487.525,1.6873548999999999,1.6873548999999999,1.6873548999999999,1.0406715188365658,1.0260164798320033,1.0537669641818512,1.0910334572575358,1.0910334572575358,1.0910334572575358,0.05036193842097009,0.03726649307568467,0.06501697742553261,0.05036191080047691,0.03726648831642603,0.06501693405740322,0.05036187521852113,0.037266482185336,0.06501687818863752,0.09148872586853843,0.07673693788044228,0.10796048678067441,0.09148868552733587,0.0767368860376566,0.10796035780689779,0.0914886335579928,0.07673681925145928,0.10796019165710505
98,M3,250.5,13.475000000000001,487.525,1.6873548999999999,1.6873548999999999,1.6873548999999999,1.089138853840068,1.0753859650187203,1.0910334572575358,1.0910334572575358,1.0910334572575358,1.0910334572575358,0.0018946034174678328,0,0.01564749223881561,0.0018946034174678328,0,0.01564749223881561,0.0018946034174678328,0,0.01564749223881561,0.04694811202134262,0.022458606812398967,0.08818302437758924,0.04694678150326781,0.02245787926223483,0.08818273322970713,0.04694506747032119,0.022456941999543508,0.08818235815997175
99,M1,250.5,13.475000000000001,487.525,1,1,1,0.5859194232216265,0.5735835440842786,0.597068670334242,0.6432023907476163,0.6432023907476163,0.6432023907476163,0.05728296752598988,0.046133720413374255,0.06961884666333774,0.05728296752598988,0.046133720413374255,0.06961884666333774,0.05728296752598988,0.046133720413374255,0.06961884666333774,0.09834996375123845,0.08544212899122264,0.11358593907654078,0.09834996375123845,0.08544212899122264,0.11358593907654078,0.09834996375123845,0.08544212899122264,0.11358593907654078
99,M2,250.5,13.475000000000001,487.525,1,1,1,0.5918298970549309,0.5766675715269463,0.60559266097415,0.6432023907476163,0.6432023907476163,0.6432023907476163,0.05137249369268532,0.037609729773466334,0.06653481922067014,0.05137249369268532,0.037609729773466334,0.06653481922067014,0.05137249369268532,0.037609729773466334,0.06653481922067014,0.0926567100565544,0.07735300310843501,0.10975867813193585,0.0926567100565544,0.07735300310843501,0.10975867813193585,0.0926567100565544,0.07735300310843501,0.10975867813193585
99,M3,250.5,13.475000000000001,487.525,1,1,1,0.6414208250434563,0.626503819982259,0.6432023907476163,0.6432023907476163,0.6432023907476163,0.6432023907476163,0.0017815657041600486,0,0.016698570765357214,0.0017815657041600486,0,0.016698570765357214,0.0017815657041600486,0,0.016698570765357214,0.04660070536498617,0.021383964465609445,0.08580523158679171,0.04660070536498617,0.021383964465609445,0.08580523158679171,0.04660070536498617,0.021383964465609445,0.08580523158679171
